{"cameraMode":{"drawMode":0,"name":"Shaded","section":"Shading Mode"},"sceneLighting":false,"audioPlay":false,"sceneViewState":{"showFog":true,"showMaterialUpdate":false,"showSkybox":false,"showFlares":true,"showImageEffects":true,"showParticleSystems":true},"in2DMode":false,"pivot":{"x":-9.820283889770508,"y":2.7802605628967287,"z":3.3538811206817629},"rotation":{"x":0.0006808853358961642,"y":0.9984050989151001,"z":-0.04681236296892166,"w":0.03811921179294586},"size":8.083850860595704,"orthographic":false}