{"cameraMode":{"drawMode":0,"name":"Shaded","section":"Shading Mode"},"sceneLighting":false,"audioPlay":false,"sceneViewState":{"showFog":true,"showMaterialUpdate":false,"showSkybox":false,"showFlares":true,"showImageEffects":true,"showParticleSystems":true},"in2DMode":false,"pivot":{"x":-5.56886100769043,"y":2.244605302810669,"z":-4.393359184265137},"rotation":{"x":-0.006126153748482466,"y":0.9938673377037048,"z":-0.04943551868200302,"w":-0.1010608971118927},"size":7.688843250274658,"orthographic":false}