{"cameraMode":{"drawMode":0,"name":"Shaded","section":"Shading Mode"},"sceneLighting":false,"audioPlay":false,"sceneViewState":{"showFog":true,"showMaterialUpdate":false,"showSkybox":false,"showFlares":true,"showImageEffects":true,"showParticleSystems":true},"in2DMode":false,"pivot":{"x":6.786467552185059,"y":3.497617244720459,"z":4.680559158325195},"rotation":{"x":0.00053814408602193,"y":0.9844129681587219,"z":-0.009365497156977654,"w":0.17703324556350709},"size":8.083850860595704,"orthographic":false}