{"cameraMode":{"drawMode":0,"name":"Shaded","section":"Shading Mode"},"sceneLighting":false,"audioPlay":false,"sceneViewState":{"showFog":true,"showMaterialUpdate":false,"showSkybox":false,"showFlares":true,"showImageEffects":true,"showParticleSystems":true},"in2DMode":false,"pivot":{"x":1.9199999570846558,"y":2.4507036209106447,"z":-6.920000076293945},"rotation":{"x":0.02519904263317585,"y":-0.026093192398548127,"z":0.000655387295410037,"w":0.9993543028831482},"size":4.9645562171936039,"orthographic":false}