{"cameraMode":{"drawMode":0,"name":"Shaded","section":"Shading Mode"},"sceneLighting":true,"audioPlay":false,"sceneViewState":{"showFog":true,"showMaterialUpdate":false,"showSkybox":true,"showFlares":true,"showImageEffects":true,"showParticleSystems":true},"in2DMode":false,"pivot":{"x":-20.723176956176759,"y":7.514564514160156,"z":19.89134407043457},"rotation":{"x":-0.03272385522723198,"y":0.1123194694519043,"z":0.001644579810090363,"w":0.993549108505249},"size":22.0,"orthographic":false}